,tweet,sentimen
76,naiknya  harga  pakan  ayam  diperparah  turunnya  harga  telur  ayam  tingkat  peternak  harga  telur  pasaran  turun  drastis  rp  ribu  kilogram  rp  ribu  kilogramnya,Positif
1026,harga  telur  turun  harga  bawang  merah,Positif
43,harga  telur  aceh  singkil  turun  papan  dijual  rp  ribu,Positif
666,disimpen  storage  penuhkrn  ayam  ngendog  iso  diremalhasil  bosok  dibagiin  harga  turun  spekulasi  olahan  telur  butuh  effort  dibuang  telur  langkatrs  harga,Negatif
529,follower  turun  harga  telor  selamat  siang  selamat  menjalankan  ibadah  sholat  jumat  teman  moeslem  selamat  maksi  maksi  damai  sejahtera,Positif
101,harga  telor  turun  bentukannya  banget  kea  peluang  dapetin,Positif
908,gini  gembel  nilai  uang  turun  berubah  angkanya  uang  alat  tukar  telor  ayam  inget  piala  dunia  garagara  nonton bareng  harga  telor  butuh  telor,Positif
1224,telur  mahal  mendadak  turun  gara  peternak  menjual  kota  semoga  harga  pasar  stabil,Positif
777,grg  harga  telur  turun  cabe  baek  ayam  stabil,Positif
453,ayam  telur  harga  demand  harga  investasi  mudahnya  kpr  penarik  demand  kuncinya  tinggallah  orang tua  demand  turun,Positif
63,pembeli  senang  harga  telor  turun  semoga,Positif
947,harga  kamis  komoditi  hasil  harga  turun  ayam  ras  jtg,Positif
350,peternak  magetan  menjerit  harga  pakan  selangit  harga  telur  turun,Positif
522,minyak  zaman  pn  turun  ye  manjang  nak  amik  duit  rakyat  tahniah  kerajaan  melayu  isley  walaun  dok  ratib  dap  babi  smua  skg  snyp  xnk  bising  otak  dkt  lutut  harga  barang  pon  menteri  kpdnkk  goyang  telor  je,Negatif
907,disisi  harga  telur  alami  kenaikan  harga  cabai  turun,Positif
672,harga  telur  ayam  turun  cobaanjawabnya  sumbangkan  dibuang,Negatif
398,dipajaki  harga  telur  naikturun  dipajaki  turun,Negatif
825,menurun  harga  telur  ayam  pasaran  mengalami  kenaikan  hargadi  solo  harga  telur  ayam  turun  kisaran  rp  rp  perkilogramhal  rumah  tangga  menjerit,Positif
361,inget  banget  belikan  sepatu  harga  raketnya  turun  temurun  seminggu  suruh  minum  telur  jawa  sm  madu  pulang  latihan  bikinin  bubur  kacang  ijo  sm,Positif
793,harga  telur  turun  drastis  awas  jebakan  batman,Positif
933,mendekati  raya  idul  adha  hijriah  harga  telur  ayam  ras  pasar  parit  kabupaten  turun  harga  telur  mencapai  ribu  perkilogram  turun  ribu  rupiah  perkilogram,Positif
513,harga  telur  ayam  turun  picu  deflasi  februari  viva,Positif
631,pantes  kemarin  pas  belanja  harga  telur  turun,Positif
843,membayangkan  harga  telor  snco  turun,Positif
1144,koko  trend  harga  telur  menurun  dok  akibat  daya  beli  menurun  peternak  merugi  tutup  usaha  dibiarin  produksi  telur  turun  menerus  meningkatin  imun  butuh  protein,Negatif
593,membuang  telur  sawah  suparni  mengeluhkan  harga  telur  turun,Positif
254,ppkm  kelar  harga  telur  anjlok  faterna  ppkm  diperpanjang  berdampak  buruk  peternakan  terkhususnya  unggas  akibatnya  harga  telur  turun  merugikan  peternak  ayam,Negatif
81,protes  harga  turun  peternak  magetan  bagikan  telur  cumacuma,Positif
526,bm  sedih  ph  telur  turun  harga  sen  cny  lepas  kejayaan  terbesar  zaman  ph,Positif
308,tidak apa-apa  outputnya  harga  jagung  telur  turun  ikan  air  tawar  turun  harganya  gambaran  besarnya  beternak  modal  jt  hasilnya  jt  untung  rugi,Positif
367,ayo  ppkm  kelar  harga  bahan  pokok  turun  dongg  telur  seperempat,Positif
964,lele  susah  bang  ngelemparnya  harga  turun  tinggal  tahan  lele  buang  pasar  tmpat  pemancingan  nerima  lele  ukuran  gede  telor  riject  grosiran  telur  abang,Positif
693,jualan  aceh  aceh  turun  harga  telor,Positif
765,tempe  langka  harga  kedelai  harga  telur  turun,Positif
1058,bawang  merah  demak  jawa  sekilo  harga  telor  ayam  turun,Positif
857,harga  telor  dipasar  dibawah  harga  pisang  turun  harga  kacang  terjepit  harga  daging,Positif
679,nga  dikasi  drpada  dibuang  telur  pasartoko  nga  beliharga  turun  nga  dijual  lokasi  harganya  mahal  krena  butuh  biaya  transport  itupun  nemu  pembeli  lokasi  pnya  msg  produsen,Negatif
1007,utara  zaman  ph  telor  harga  aes  hutang  felda  hapus  dividen  turunkluar  bodoh  macai  ph,Negatif
812,mentri  perdagangan  ri  tolong  investigasi  harga  pangan  telur  habis  bansos  turun  harga  melambung  pedagang,Positif
621,luapkan  emosi  harga  jual  turun  peternak  ayam  magetan  buang  ratusan  telur  kebun  disumbangin  bermanfaat  berita,Positif
617,harga  telur  ayam  ras  turun  februari  akibat  pasokan  melimpah  diiringi  serapan  optimal,Positif
192,top  news  koran  rakyat  merdeka  pulang  istana  suroto  digeruduk  emakemak  harga  jagung  turun  nunggu,Positif
435,harga  daging  ayam  potong  daerah  indonesia  inipadahal  komoditi  pangan  melambung  cabai  rawit  telur  ayam  turunnaiknya  harga  pakan  ayam  obat  ayam  salah  penyebabnya,Negatif
265,penyebab  harga  telur  turun  peternak  buang  stoknya,Negatif
1047,harga  ayam  telur  turun  mengakibatkan  permintaan  jagung  merosot  harga  jagung  jatuh,Positif
78,hmmmm  buibu  pulang  pasar  harga  telor  turun  bu,Positif
428,buka  hape  harga  aset  kripto  turun  saham  merah  ogut  kang  sembilan bahan pokok  anjing  beli  telor,Positif
439,fadzil  hang  hang  terar  tertawa  mmm  anyways  barang  harga  prasan  harga  telur  turun,Positif
303,alghozali  beli  telur  harga  turun  sekilo,Positif
275,harga  telur  cabe  turun  drastis  emak  tega  belanja  telor  cabe  segitu  murah  kabar  harga  petaninya  emak,Positif
1219,peternak  ayam  pakbingungharga  telur  turunpakan  naikayam  afkir,Negatif
575,berita  harga  telur  turun  rp  ribu,Positif
51,dampak  ppkm  harga  telur  kabupaten  bandung  turun,Positif
996,mamu  time  ph  harga  telor  takpe  turun  sen  pc,Positif
528,harga  telur  turun  ph  harga  turun  sen  abaikan  kenaikan  lepas  cny,Positif
1255,harga  telur  rp  cabai  rawit  merah  turun  rpkg,Positif
1194,harga  stabil  omset  penjualan  telur  ayam  ciamis  turun  drastis  akibat  corona,Positif
352,malu  alhamdulilah  gengsiiii  harga  telur  turun  banget  butuh  dm  area  kra  kota  only  delivery,Positif
1108,harga  telur  turun  pasar  kg,Positif
848,lognus  ditambah  lognus  hargaharga  sembilan bahan pokok  beras  tepung  terigu  gula  pasir  telur  ayam  turun,Positif
23,gabungan  elemen  mahasiswa  bem  jakarta  menggelar  aksi  darurat  perunggasan  nasional  turun  jalan  menuntut  kestabilan  harga  ayam  telur  peternak  rakyat  mandiri,Positif
210,serba  salah  jagung  turun  pusing  ganti  petani  jagung  harga  telur  konsumen  protes  penyelesaianya  pekerja  harian  lepas  peternak  ayam  petelur  aju  puyeng,Negatif
381,haihhh  bile  telur  nak  turun  harga  makan  telur,Positif
983,game  je  akai  kerajaan  tolong  tgk  harga  telor  turun  gred  rm,Positif
650,mei  peternak  peternak  harga  pakan  harga  telur  turun,Positif
405,gantiin  murah  yakan  telor  harga  turunbersihin  amisnya,Positif
358,masabi  macet  harga  pakan  turun  tahunan  pemerintah  mengatasinya  telur  bansos  doang  gus  dibulan  asyuro  gini  ssat  pandemi  harga  telur  murah  skrang,Negatif
1258,harga  minyak  turun  paras  rm  seliterlebih  murah  sekepong  roti  telur  banjir  akal  harga  sanitizer  akal  jugakadang  adik  jual,Positif
58,protes  harga  turun  peternak  magetan  bagikan  telur  cumacuma,Positif
798,harga  telur  melonjak  ketua  dpd  ri  pemerintah  turun  tangan  via,Positif
198,probolinggo  peternak  telur  ayam  menjerit  harga  telurturun,Negatif
579,harga  telur  jombang  turun  sepi  pembeli,Positif
558,telur  mesir  harga  emas  harga  kejap  kejap  turun,Positif
759,harga  telur  ayam  ras  turun  ayam  stabil  psbb  jawabali  pengaruhi  daya  serap,Positif
49,beli  cabe  kiloan  beli  sambelan  ribuan  mbak  telor  turun  harga  beli  mbak  bude  kepala  tebel  kulitnya  tinggal  bayar  tehhh  galonnya  pinjem  baksonya  anterin  rumah,Positif
174,nasib  peternak  ayam  petelur  membaik  harga  telur  turun  jagung  pakan  ternak  mahal,Negatif
847,harga  telur  turun,Positif
377,sukandar  pesen  japfa  harga  telur  turun  harga  pakan  turun,Positif
196,stok  bahan  pokok  aman  mendag  harga  beras  telur  turun,Positif
231,rezeki  sesederhana  harga  ayam  telur  turun  pas  berhemat,Positif
1119,orangorang  history  harga  telur  turun  harga  skincare  gada  turunturunnya,Positif
411,setau  ayam  broiler  stabil  beda  ayam  petelur  pakannya  harganya  harga  telur  turun  rugi,Negatif
767,ngenteni  harga  telur  turun,Positif
622,peternak  amatir  dampak  harga  telur  turun  harga  pakan  puyuh  karung  harga  telor  anjlok  kg  pengen  pabrik  pakan,Positif
945,fess  harga  telor  turun,Positif
240,tingginya  harga  langkanya  ketersediaan  jagung  kalkulasi  hkti  harga  pokok  produksi  hpp  kg  telur  daging  ayam  signifikan  malangnya  harga  jual  telur  turun  parah,Positif
864,pengen  makan  kue  dibeli  harga  tunggu  harga  turun  pengen  makan  isi  telur  asin  kacang,Positif
1207,stok  menumpuk  pembelinya  harga  telur  turun,Negatif
549,pemerintah  prediksi  harga  telur  ayam  turun,Positif
415,akibat  boomers  perintah  negara  berat  telur  nak  turun  padang  rakyat  mengeluh  harga  barang  melambung  nak  aduan  formal,Positif
718,ngobrol  peternak  telur  telurnya  penanganan  bencana  diusir  marah  harga  telur  turun  dikasih  telur  pasrah  mencoba  sekian,Negatif
820,bm  ayam  makan  banyakbanyak  harga  dedak  then  production  ayam  telur  then  harga  telur  turun  econs,Positif
987,turun  harga  bentukan  telur,Positif
1179,harga  telur  minggu  merambat  turun  rbkg,Positif
971,mantap  bahan  pokok  turun  harga  bawang  putih  gula  minyak  curah  telur  minyak  goreng  beras  inflasi  rendah  kebijakan  mengatur  produksi  stok  logistik  eksporimpor  terima  kasih  pemerintahan,Positif
732,yin  paham  daya  beli  intervensi  pemerintah  turun  tangan  atur  harga  pakan  semoga  solusi  meminimalisasi  kerugian  mbak  terima  kasih  pencerahannya  beli  telur,Positif
839,perayaman  pusing  banget  harga  bahan  pakan  bungkil  kedelai  harga  telor  turun,Negatif
802,harga  telor  melulu  harga  turun,Positif
1074,semenjak  wfh  kosan  masak  makan  seharihari  aware  hargaharga  kebutuhan  pokok  seneng  harga  pangan  telur  ayam  turun  mikir  alternatif  harga  pangan,Positif
478,nunggu  harga  telurnya  turun  hahahhaa  pakai  telur  lumayan  loyang  muat  oven  kompor  muat  hasilnya  sesempurna  pakai  oven  listrik  gada  api  atasnya,Positif
44,harga  telur  ayam  ras  turun  picu  deflasi  jawa  timur,Positif
979,new  normal  indomietelur  rebus  harga  turun,Positif
277,mamah  peternak  feel  pakai  banget  harga  telur  suka  turun  sebanding  harga  pakannya,Positif
29,menjenguk  harga  jualan  ayam  telur  gred  menjelang  percent  turun,Positif
31,menteri  pertanian  syahrul  yasin  limpo  siuman  minum  air  putih  turun  lapangan  harga  telur  harga  jagung  harga  kedelai  ededeh,Positif
737,ajitama  ngomong-ngomong  harga  telur  turunturun  naiknaik  puncak  gunung  tinggitinggi  sekilo  bund,Positif
1245,harga  telor  turun  sodara,Positif
425,harga  ayam  potong  telur  turun  serang,Negatif
168,id  emak  mengerti  politik  emak  taunya  harga  telor  turun  harga  jagung  suka  bandingin  harga  ecommerce  nemuin  penjual  jualan  harga  murah  ditawar,Positif
86,bpnt  triwulan  uda  jalan  pakai  telor  harga  merangkak  dkit  permintaan  rutin  perbulan  turun  panen  jual  pasar  jenuh,Positif
294,syarief  hasan  menyoroti  anjloknya  harga  telur  ayam  harga  rp  ribukg  turun  level  rp  ribukg,Positif
427,harga  cabe  turun  telor,Positif
746,zaman  ph  harga  telur  turun  sen  hihihi,Positif
155,sobat  harga  telur  turun  cek  informasi  harga  komoditi,Positif
220,suroto  mengaku  nekat  lantaran  upaya  peternak  bantuan  pemerintah  terkait  harga  telur  turun  menemukan  jalan  buntu,Negatif
123,harga  telur  eceran  pinggir  jalan  perkilo  berubah  tulisannya  besok  habis  turun  berasa  harga  saham  turun,Positif
218,pemerintah  turun  tangan  membantu  atasi  peternak  anggota  dprd  provinsi  jatim  erma  susanti  pertemuan  gaprindo  gabungan  peternakan  indonesia  mengeluh  harga  telur  jatuh,Negatif
438,harga  telur  ayam  ras  kota  namlea  turun  puasa,Negatif
1246,yb  ph  kerajaan  harga  susu  baby  diturunkan  hampeh  mahal  turun  harga  telur  sen,Positif
209,perjuangan  mbaksri  harga  telur  jatuh  pecah  telurnya  profesional  rakyat  harga  telur  turun  dipecahin,Positif
233,ahli  perunggasan  tertera  harga  perkilo  telur  turun,Positif
1050,nyetok  telor  turun  harga,Positif
715,polri  reserse kriminal  harga  telor  saham  turun  kasihan  ayamnya  disuruh  bertelor  peoduktif  tinggal  digiling,Positif
128,tugas  pergi  beli  ikan  sayur  ayam  jugak  harga  market  pasaran  telur  turun  tk  member  kdg  murah  kdg  mahal,Positif
570,harga  telur  ayam  tingkat  peternak  nasional  turun  drastis  rp  rp  kilogram,Positif
914,turun  harga  telor,Positif
