tweet,sentimen
nkri harga cabe naik,Negatif
dya Kalau di kampung harga cabai naik Inflasi,Negatif
Indomie tanpa potongan rawit itu gak afdol Cabe di sini berlimpah jd gak ngaruh harga naikgak tetep bisa beli,Positif
Kadang bingung komen ap Soalnya harga cabe naik turun,Positif
Ratarata harga pangan di pasar tradisional naik tipis pada Senin Kenaikan terbesar dipimpin oleh harga cabai rawit merah Harga cabai rawit merah naik persen atau sebesar per Kg menjadi Rp per Kg,Positif
harga brambang bawang cabe ayam naik,Negatif
Harga cabai rawit merah melonjak sejak awal Februari dari kisaran Rp naik jadi Rp kini sedikit turun jadi Rp per kg,Positif
Indeks Harga Perdagangan Besar Februari Naik Pemicunya dari Cabai sampai Atap Baja,Positif
Cuaca Ekstrem Bikin Harga Cabai Rawit dan Ikan Segar Naik di Februari,Positif
Aku lebih sedih harga cabe naik drpd harga daging yg naik Cabe kg skrg sama kayak daging sapi kg hey,Negatif
Saat ini cabai rawit menjadi komoditas yang amat bernilai buktinya sering kita jumpai harga kg cabai rawit lebih mahal dari harga kg daging ayam Awal tahun ini harganya kembali naik kirakira apa ya penyebabnya,Negatif
menu wajibtapi lagi mahal karena harga cabe sekarang naik terus dan tambah mahalmasa mahalan cabe drpd daging gimana cob,Negatif
Selain rasanya pedas ternyata harganya juga pedas nih Harga cabai rawit merah dan hijau di Bekasi Jawa Barat naik hingga Rp ribukg Kenaikan ini diduga karena cuaca buruk yang berdampak pada hasil panen petani,Positif
Info Masyarakat Harga cabe naik kg skrang harganya ribuuu gaess,Positif
Ekspresi serius ketika bicarain harga cabe yang naik,Negatif
harga cabe naik,Positif
harga emas turun harga cabe rawit naik,Positif
Harga cabe naik banget jadi mikir gak usah nyambel pakek bon cabe aja Lebih hemat,Positif
Barusan belanja mingguan dipasar eh harga cabe naik lagi yawlah,Negatif
Hargaharga mulai naik uy Cabe rawit rbkg Cabe keriting merah rbkg Bawang bombay rbkg Tomat kg Lettuce head rbkg Kiyuri rbkg Timun rbkg Daging ayam rbkg Sedangkan harga jual di kedai amp GoFoodGrabfood masih normal naikin harga juga ga bagus,Negatif
Harga Cabai Naik Hampir Persen di PasarCiseeng,Positif
Harga Cabai Naik Drastis Tapi Kualitasnya Menurun Berita Selengkapnya,Negatif
Ohmy minggu ga ke pasar tau harga cabe naik telur juga Pantesan kemaren pak sayur ngirimnya dikit bgt Padahal lagi butuh asupan pedes amp bikin cookies,Negatif
Terus Naik Harga Cabai Rawit Merah Tembus Kg Klik untuk baca,Positif
Hasil panen cabe hari ini rek sattisfying poollll metik cabe sendiri lumayan menghemat pengeluaran disaat harga cabe naik lagi,Positif
Berapa harga pasar untuk beras naik dua kali lipat begitu juga dengan harga cabai dan bawang merah yang,Negatif
Pajak barang mewah digratiskan BPJS utk kalangan menengah naik apakabar pajak token listrik dan pulsa Kedelai yang kerap naik harga cabe dan jengkol yg selalu naik harga beras bikin pusing emak dimana kebijakan pro rakyat ciliknya,Negatif
Harga cabe naik bang,Negatif
Cuaca Buruk Jadi Faktor Petani Gagal Panen Harga Cabai Melonjak Naik,Positif
Baru mau mulai jualan lg Ibuk bilang ntaran aja harga cabe lg naik,Negatif
Mood dengan mudahnya naik turun kayak harga cabe dipasar,Negatif
Berdiri tegak Kita bukan pohon beringin yang kokoh Kita hanya pohon cabe yang rapuh Di tiup angin saja sudah goyah Pedas namun tak kuat btw emak bilang harga cabe naik bet,Negatif
Astaga Saingi Daging Sapi Harga Cabe di Purwokerto Naik Dieceran Rp per Biji atau Rp per Kg,Negatif
Gak bisa rey harga cabe lagi naik Ak kasih hatiku aja yh Kmu simpen bike bike,Positif
MVllestari TV paakkk Cukuupp Tolong pakkk Malu saya nonton nya Bapak kan jendral dan mantan presiden Cengeng amat pakk Kaya emak curhat harga cabe naik,Negatif
Nonton berita di tv soal harga cabe naik Ibuibu yang diwawancara Duh gimana ya kalo cabe naik tuh cucu saya ga bisa makan kalo gapake cabe Makan tanpa cabe tuh bagai langit tak berbintang,Negatif
Berdasarkan pola pikir dia kita bisa simpulkan bahwa Jokowi Atta Halilintar Pak Jokowi harga cabe naik nih pak Asyiaaaap Pak Jokowi Myanmar kudeta respon Indonesia apa Asyiaaaap,Negatif
Mi setan setanan klo pas harga cabe naik kaya gini produksinya gimana ya,Positif
memang mobil ini jadi kebutuhan rakyat banyak kah stabilisasi harga cabai masih lebih berguna dr pada kebijakan ini sdh byk yg rbkilo dipasaran kalo harga tol naik yg nikmatin ini siapa rakyat banyak kah yg rakyat cm kebagian ya mesti bayar kl mo enak,Negatif
harga cabai rawit merah hari ini pasar pagi tembus meskipun dari kemarin udah naik sih gaes,Negatif
ID siang tadi pergi ke pasar iseng tanya harga ternyata harga cabai semakin pedas harga kacang kejepit harga pisang turun naik dan yg paling membuat sedih adalah harga susu yg makin menonjol,Negatif
gue tau harga cabai lagi naik tapi gak gini juga,Negatif
Naik lagi kak nov jadi rb sekilo yg cengek domba Cengek ijo rb sekilo Nangis bgt Harga cabe keriting merah sama ijo juga di angka rb Ya alloh beli rbeun cuma dapet biji,Negatif
harga cabe kok naik mulu cumn selang bebrrpa minggu alig,Negatif
Marahmarah pas harga beras cabe bawang naik,Negatif
Cabe rawit orange semakin parah harga kgnya sdh rb saya pedagang kuliner pusing keliling harga naik teruscorona gini aja msh nombok apalg ditmbh cabe naikmau tutup kasian pegawai sdh sebagian sdh saya berhentikantlg bantu normalin harga cabe pak,Negatif
Keknya cm di jogja bs syukuran masakin temen komplit mie ayam jamur sate thaican porsi habis kurang xxxrb asal gak pake cabe ajah wis aman dompet Lirik harga lombok rawit yg lagi naik grateful vik,Positif
Harga Cabai Rawit di Mataram Kembali Naik Dipicu Cuaca Insidelombok,Positif
ngomongin harga cabe naik,Negatif
Semenjak jd mamak jd tau harga cabe lg naik Alig pas dikang sayur agak syok sih dengernya kg rb kira harga daging pas mudeng itu harga cabe,Negatif
Paraaaah Mithhh Lelah bgt dicomplaint harga cabe yg lg naik padahal bukan karna buat naik haji doakan musim segera berganti supaya cabe hidup dan kembali,Negatif
kalo emak emak mbok ngmginnya apa ya harga cabe naik,Negatif
Mengeluhkan harga cabe rawit naik setelah semalem bikin ayam geprek hari ini bikin telur orakarik sambel bawang PMS tuh ya,Negatif
harga cabe dan bawang naik alasannya banjir dimanamana dan tren kenaikan menyambut bulan Ramadhan bisa gak nyambel nih,Negatif
HARGA CABE MULAI ENAK Tomat Kol Turun Dikit Kentang Naik Dikit LainnyaTetap,Negatif
Dan percayalah saat harga cabe udah tinggi tementemen nya si cabe ini ga tinggal diam Mereka juga ikutan naik walau ga setinggi si cabe,Negatif
Gegara harga cabe naik nih beli basoseblak dimanapun gak berasa pedes aja gitu walaupun dikasi sambel banyakan,Negatif
Harga cabai terus merangkak naik sejak awal,Negatif
harga bawang cabe naik terus bikin males masak mending beli ke warteg,Negatif
Harga Cabai di Pasar Cileunyi Melejit Naik,Positif
Harga Cabai di Mojokerto Naik Drastis,Positif
Sejumlah harga kebutuhan pokok di dapur melonjak naik di Ponorogo Jawa Timur Paling terasa kenaikan harga cabai yang melonjak dua kali lipat,Positif
Harga Cabai di Naik Rp Ribu Per Kilogram,Positif
Harga cabai di Ponorogo melonjak Cabai rawit yang semula Rp ribu per kilogram kini naik jadi Rp ribu per kg,Positif
Tergantung harga cabe Kalo lagi naik dan Kalo lagi turun dan,Negatif
Harga cabe naik lagi,Negatif
kenapa diwaktu harga cabe naik kok produsen saos cabe harganya tidak ikut naik,Positif
Kasus Nissa Sabyan kayanya pengalihan isu harga cabe naik lagi,Negatif
Harga Cabai di Magetan Naik Rp Ribu Per Kilogram,Positif
Harga Cabai di Magetan Naik Rp Ribu Per Kilogram,Positif
Perkara harga cabe naik lapor kemana ya enaknya Pedagang kecil kaya saya gini mumet kalo cabe naik ugalan gini Daerah lain apa juga ugalan harga cabe,Positif
seblak kosong ka krn harga cabe lagi naik skrg,Positif
udah banjir harga cabe naik hal meresahkan apa lagi bsk ya allah,Negatif
Harga Cabai di Surabaya Naik dari Rp Ribu Menjadi Rp Ribu per Kg,Positif
Seneng ya mediakl ada banjir ngadu dombatar luuudiakherat ngapain segala bininya orang lg marah dimuatdia mah harga cabe naik aja juga ngomel knp ga dimuat,Negatif
asam lambung naik mulu buset uda kaya harga cabe,Negatif
Ini saat yang tepat untuk mengurangi rasa pedas pada masakan Harga cabai rawit di Magetan terus naik Dua hari ini harga cabai rawit tembus hingga Rp Ribu per kilogramnya,Positif
Udah mendekati puasa banget nih harga cabe sama perbawangan jadi naik,Positif
Buat penikmat pedas harga cabe melambung merupakan siksaan daripada harga daging naik Lha gmn kl pas gak napsu makan pas duit lg nipis andalan ya sambel ama telor ceplok ama nasi panas aja uda niqmat tiada tara,Positif
Baru cek mau obrolin apa Tentang harga cabe naik Wkwkwk,Positif
Sempat Naik Harga Cabai Kembali Turun,Positif
Sempat Naik Harga Cabai Kembali Turun,Positif
Harga terigu protein sedang dan tinggi katanya bakal naik Cabe keriting kosong di pasar induk Mentimun bungkuk harganya kgbiasanya gak ada harganya,Negatif
Menurut gua tergantung juga sih bang sekarang harga cabe lagi naik ditempat gua perkilo,Positif
Harga cabai rawit merah mencapai Rp per kg atau naik Rp dibanding Selasa,Positif
semuanya kenapa makin naik ya harga cabe segala macem sayangku ke jeongpuups juga makin naik eww,Negatif
Semua jenis cabai di pasaran merangkak naik dari mulai cabai merah besar hingga cabai rawit yang terkenal pedas tersebutpara pedagang cabai mengaku dagangan mereka sepi pembeli karena adanya kenaikan harga cabai yang menembus angka Rp per kilogramnya tersebut,Positif
Harga cabai merangkak naik membuat pemilik kedai makan terutama warteg dan rumah makan Padang di Jakarta mengurangi sambal di menu makanan yang mereka jual untuk konsumen merekapara pemilik kedai makan dan warung Tegal menjerit dengan adanya kenaikan harga cabai di pasaran,Positif
Pasokan Berkurang Harga Cabai Merangkak Naik Hingga,Positif
Masuk musim penghujan harga beberapa komoditas pangan terpantau naik terutama harga cabai,Positif
Harga Cabai Rawit Domba di Cianjur Melonjak Naik Tembus Rp Ribu PerKilogram,Positif
Harga cabe naik lagi Pusing mana virus ga kelar,Negatif
Ga da yang pasti Kalo yang badan cuaca bilang musim ujan abis besok UJAN kementan bilang besok harga cabe turun besok NAIk bapak anu bilang corona mau abis besok NAMBAH bilang pilih saya karna pasti mandat besok Ambyar Yang pasti cuma rakyat di PHP mulu,Negatif
Makasih banyak kak giveawaynya Semoga rezekinya dilancarkan selalu dan semoga cabai nya semakin laris mengingat harga cabai lagi naik xixixi terus juga happy birthday Semoga panjang umur sehat selalu stay healthy and happy all the best wishes for you kakkk,Positif
Tidak ada hubungannya pajak mobil dan BPJS ada stimulus hitungannya masing status anda sama seperti kenapa vaksin digratiskan tp harga cabe naik,Negatif
Harga Cabai Merah dan Cabai Rawit Hari Ini Mulai Turun Bawang Merah Malah Naik via,Positif
gila gilaaaa harga cabe kemarin masih dapet yg harganya lebih murah dari harga pasaran nah sekarang harga dia ikutan naik juga wkwkwk,Negatif
Gimana harga cabe dipasar bisa naik,Negatif
contoh aja nidia tanya kamu hari ini makan apa trus kamu jawab harga cabe naik,Negatif
Harga Cabai Kian Naik,Positif
Harga Cabai dan Beras Merangkak Naik Usai Libur Panjang,Positif
Kakak wa udah kayak ibu sejati abis dari pasar mau beres belanjaan dia ngeluh harga tahu naik krna emg kedelai lagi langka bgt skrang trus dia bersyukur harga cabe udah turun tba panik inget mau puasa dan udah planning buat beli cabe yg banyak bulan depan biar ngk mhal,Positif
Curi dengar pagi ini harga cabe sedang naik,Negatif
Bikin harga cabe naik,Negatif
Salah satu alasan kenapa perempuan harus duduk ngopi bareng sama bapakbapak adalah biar mereka tau kalau harga cabe dan bawang sekarang lagi naik,Positif
Walah harga cabe lagi naik lagi,Negatif
kurosaki Itu bu besok harga cabe di pasar naik Buruan beli dah Daripada nyesel Alias luarbiasa dah ibu satu ini sehat yaaaa,Negatif
Yaaaa Pelan harga timun dan tomat mulai naik CABE RAWIT PUN JUGA,Negatif
Mungkin dia sadar harga cabe lagi naik,Negatif
Saya Aldebaran Al Fahri mau melaporkan bahwa Harga cabe naik drastis,Positif
Harga cabe naik turun koyo celono gegeden,Negatif
CJ Denger sih disekitar gedung BEJ Juga HQnya Lebih mirip trading fiktif Investor beli cabe keriting Harga rbKg diawal ton pantau Pergerakan Harga yg dikondisikan RRI onair Harga cabe keriting Naik jadi rbkg Pialang bayar rbkg ton Banyak variasi lainnya,Negatif
Jelang Imlek Harga Cabai Rawit dan Daging Sapi Naik di Jakarta,Positif
Buruknya cuaca sebabkan pasokan daging sapi dan cabai rawit terhambat Imbasnya harga kedua barang ini pun naik,Positif
TOMAT KENTANG NAIK HARGA TAPI Cabe Merah Rawit Banjir Bawang Menggeliat LainnyaTetap,Negatif
nurdin Mahal di jalur distribusi kayak kemarin harga cabai naik drastis gw nanya temen yg bener petani cabai harga stabil ga naik yg bikin naik para pemain,Negatif
Bagaikan lambung sensitif tersentuh biji cabai cabainya tumbuh menjadi pohon cabai di lambung Anggaplah itu sebuah investasi karena dengar dengar harga cabai naik lagi seperti asam di lambung Bersambung,Negatif
Orang dapur taunya harga cabai naik ya wkwk,Negatif
Musim Penghujan di Kota Depok Membuat Harga Cabai Naik,Negatif
lah kok aneh alasan haramnya karena naik turunnya harga pengaruh ke emosi apa bedanya sama harga Cabe daging petani yg tiba harganya anjlok atau melambung belum kalau komoditas bisa busuk lebih spekulatif dari saham dong kalau gitu,Negatif
Kamu pikir selama ini kurang pedas Tega ya kamu Udah tau harga cabe naik,Negatif
Kita belajar ini TIAP TAHUN lho Puluhan tahun Masak nggak masuk juga pelajarannya Liat harga cabe waktu langka harganya naik gilaan Lalu orang berbondong invest Lalu harganya jatuh gilaan,Negatif
Setelah Sempat Naik Hari ini Harga Cabai Merah di Pasar Raya Padang Turun Lagi,Positif
Jagung dan ubi pun asl perut kenyang Kalian protes harga daging tahu tempe cabai sayuran naik kami malah ketawa seistimewa itukah hidup kalian sampe takut jika semua naik maka kalian tdk makan enak Sedangkan kmi kami masih bahagia meski hanya makan seadanya,Negatif
Jelang Perayaan Imlek Harga Telur dan Cabai RawitNaik,Positif
Harga cabe naik ga,Positif
Harga Telur dan Cabai Rawit Naik Jelang Perayaan Imlek,Positif
Akhir akhir ini kualitas rasa cabe menurun susah banget dapat rasa geprek cabe yg pas seblak juga sama aja gacoan jg ga ngefek lg Wajar harga cabe naik kan jd psti berpengaruh dikualitas makanan hufff sedih bgt ga bisa makan pedas yg pas,Negatif
Gabisa bosan pak tapi judeg karena jualan makin sepi Daya beli masyarakat menurun Sedangkan harga cabai meroket naik,Negatif
nnyliana Kayanya gara harga cabe naik juga deh,Negatif
Cuy ini CEO yg minta maaf apalah Hendra dibanding CEO Ibaratnya presiden udah minta maaf soal harga cabe naik tapi elu masih maksa tukang sayur depan rumah bikin pernyataan maaf,Negatif
ternyata ga cuman harga cabe doang yg naik harga pc juga naik,Positif
Ada yang naik tapi bukan harga cabe,Negatif
Ada yg naik tapi bukan harga cabe Coba besok besok lu cek naik engga,Negatif
Harga Ayam Turun Cabai Merah Naik di Pasar Lubuk Buaya,Positif
tidak ada perkara yg lebih serius dibanding harga cabe naik bund,Negatif
Cuaca Buruk Harga Cabai di Agam Naik,Positif
Cuaca Buruk Harga Cabai Merangkak Naik di Agam,Positif
Tak Hanya Cabaicabaian Harga Bawang Merah di Pasar Lubuk Buaya Padang juga Naik,Positif
Ibu ibu dipasar pada demo karena sayur mayur pada naik terutama cabe merah cabe rawit masa harganya ribu rpkg kan negara kita negara agraria yg tanahnya amat luas sampe ngga ada yg ngurusin harga itu Jangan ngurusin politik dulu deh Urus kebutuhan rakyat,Negatif
Goblin fight for my way itaewon class tale of nokdu school aku sebut drakor ini karena aku baru nonton drakor ini Pro contra dating aku hanya yang tau Harga cabe naik euy taunya harga cabai rawit di beberapa pasar,Negatif
Harga cabe udah turunharga kain batik yang naik,Positif
Musim Hujan Harga Cabe Rawit Makin Naik di Sejumlah Pasar iNews Sore,Positif
Someday may be mbakdoakan sajaharga cabe lagi naik daun blm berani Ini pesanan special aja saya buatkn,Negatif
moodnya naik turun terus udah kyak harga cabai,Negatif
Turun Sebentar Harga Cabai Merah di Pasar Raya Padang Naik Lagi Harga kebutuhan bahan pokok berupa cabai merah keriting kembali mencatatkan kenaikan ketika harga komoditas pangan lainnya cenderung stabil Rabu harga cabai dibanderol,Positif
Turun Sebentar Harga Cabai Merah di Pasar Raya Padang Naik Lagi,Positif
Harga Cabe Naik Persen,Positif
Pecinta Cabai Kencangkan Ikat Pinggang karena Harga Cabai yang Kian Naik iNews Siang,Positif
harga cabe rawit naik porsi sambel di ayam geprek jadi dikit,Negatif
Harga Cabai di Pasar Rau Hari ini Naik Persen,Positif
Fantastis Hari Ini Harga Cabai Naik Hampir Empat Kali Lipat,Positif
Harga cabe cabai rawit merah naik di kisaran RpRp perkilogram kg Hal itu diutarakan Ikatan Pedagang Pasar Indonesia IKAPPI sedangkan harga komoditas pangan lainnya masih relatif normal,Positif
Sekarang harga cabe naik nder jadi keknya cabenya di kurangin,Negatif
harga cabe masih terus naik Ambyar dah ah,Negatif
Pasokan Berkurang Harga Cabai Merah di Jambi Hari Ini Naik Lagi Cabai Rawit Turun via,Positif
Kalo harga cabai naik pasti yg diliput warteg dan warsun Mengapa pemodal besar macam Geprek Bensu ga diliput Lo kata mereka bumbunya pake cabecabean bu pemred gimana kalo liput geprek Bensu seriously Youre such moron bloon Jual kejelataan,Negatif
pengumuman covid di Indonesia semakin naik seperti harga cabai dan telor di pasar yg makin hari makin naik,Negatif
Harga cabai naik lagi Begini jajane akuhh,Negatif
Aku bingung karna harga cabe naik terus Sedangkan IPK aku engga,Negatif
Riego BerbagiKasih husna Gawaat Dah harga cabe naik pula,Negatif
Kalo beli sambel aing aing kasi bonus dah Murah aja lg promo cuma kpcs pcs gram Saat ini cuma ready varian sedang karna harga cabai lagi naik boleh kirim menerima pembayaran by TF atau apapun kecuali ngutang Testi ada di iG sambelpecelmurah yu beli yu,Negatif
Harga Cabai Rawit di Kotawaringin Barat Naik Tipis Lainnya Stabil,Positif
Harga sembako kini terpantau naik di sejumlah pasar tradisional Ibu Kota Kenaikan harga tertinggi ada cabai rawit hijau yakni Rp ribu per kilogram KSC,Positif
Salah satunya harga cabai kering sejak beberapa hari terakhir ini dilaporkan melonjak tajam dari sebelumnya Rp per kilogram Kg naik menjadi Rp kg,Positif
Harga Cabai dan Ikan Naik karena Cuaca Buruk Maret Diharapkan Stabil,Positif
Pandemi Harga Pangan Naik Cabe MerahTertinggi,Positif
ADjem Karena bikin sambelnya gak pedes dikarenakan harga cabe naik akibatnya yg muda sdh dipetik duluan akhirnya yg tua hilang begitu aja,Negatif
BPS Catat Harga Cabai hingga Pupuk Naik di Januari,Positif
BPS Catat Harga Cabai Hingga Pupuk Urea Naik di Januari,Positif
BPS Catat Harga Cabai Hingga Pupuk Urea Naik di Januari Adapun beberapa komoditas yang mengalami kenaikan harga pada Januari antara lain cabai rawit kacang kedelai wortel kubiskol kelapa sawit pupuk urea dan besi beton,Positif
jun harga cabe naik lipat kita ikutan program agro kang emil aja apa,Positif
Saat harga harga naik jika masakan kurang pedas cukup liat cabe cabean di Googlesambil ngebayangin pedesnya jika kurang gurih atau nikmat liat makanan makanan yg enak enak aja di google,Positif
harga cabe naik bener bener ye pesen geprek lv berasa lv,Negatif
Harga Cabai Rawit dan TahuTempe Naik saat Januari BPS Karena Cuaca dan Harga Bahan Baku,Positif
Harga Cabai Merah Naik di Aceh,Positif
Bu kerumahku sini nyantai ntar ku bikinin kopi khas lampung ada cemilan keripik pisang khas lampung juga sambil sebat tapi jangan ngobrolin soal negara ya bu pusing saya harga cabe naik aja udah pusing bu ga bisa makan yg pedes dulu,Negatif
Harga cabai di Kota Balikpapan kembali melonjak tajam Kenaikan harga cabai di Kota Minyak itu bahkan tembus hingga Rp ribu per kilogramnya atau naik persen,Positif
Naik Drastis Ibu Ibu keluhkan Hargacabai,Negatif
kali ni bukan setakat bawang segala jenis cabai pun naik harga gila,Negatif
Harga cukai naik Harga cabe naik Bpjs naik Terussss dan terus rakyat di cekikkk,Negatif
Harga Cabai Rawit di Medan Naik Persen Mencapai Rp Ribu Pedagang Teriak Enggak Ada Yang Mau Beli Jurnal Medan pemko,Negatif
Cabe aja ada bandarnya apalagi saham Sederhananya bandar itu pemegang mayoritas saham dengan sangat mudah mereka atur harga naik atau turun seperti bandar cabe,Negatif
Memang harga cabai melambung tak lantas otomatis kesejahteraan petani jadi naik tetapi jika harga anjlok bukankah itu lebih menyengsarakan,Negatif
harga cabe bawang pun naik mei,Positif
Kementan Sebut Harga Cabai amp Bawang Cuma Naik Sementara Ini Datanya,Positif
Ekonomi lagi susah Hargaharga naik Semua naik daging cabe iphone Kecuali Sebiji Telor,Negatif
Hujan turun harga cabe naik,Negatif
Selamat pagi dunia tiputipu Pandemi era digitalserba online pasti pakek bnget listrikpulsa doong peluangcuannih Pajakinnih Yakin ga naik tuh harga pulsatoken Eko no Miroket hargatarif BPJs cabe daging amp waaw buanyak lagi,Negatif
Masih di pasar harga cabe rawit kg Rp Daging kg naik jadi Rp padahak kmrn uda demo sejabodetabek Ini kaya apa coba,Negatif
Harga Cabai Naik di Sejumlah Pasar DKIJakarta,Positif
Hahaaha omong kosong tiap musim ujan harga cabe pasti naik Tiap tahun,Negatif
Harga emas naik Harga saham naik Harga bitcoin naik Harga cabe naik Yang turun cuma jumlah uang di tabungan cashflow berantakan akibat sekali belanja langsung ngabisin duit SIAPA YANG KAYAK GINI COBA,Negatif
Musim Hujan Harga Cabe Rawit Naik,Negatif
Udahlah pekerjaan rumah paling bikes tuh masak Apalagi masaknya gegara kewajiban bukan gegara pengen Ingin merasakan jadi cewek seumuranku yg gausah mikir hari ini masak apa harga bawang cabe naik ga Sebeelllll,Negatif
Chaniago Pak Harmoko Dulu klw bpk ini blm muncul ditivi Gk ada tuh Harga harga naik sendiri BBM Sembako smua satu pintu imformasi Skrg jaman si Panjul Amburadul ngurus harga cabe aj gk kelar kelar,Negatif
Chaniago Harga cabai harga bawang seluruh pasar di indonesia beliu yg tau harganya naik apa turun,Positif
Anggaplah saham itu cabe rawit ketika mau lebaran harganya naik karena supply sedikit tapi demand tinggi Atau yang baru saja terjadi harga telor ayam jatoh karena supply distribusi yang berlebihan,Positif
Forgot to check in but this morning was productive maksa panen karena harga cabe naik lipat dari harga terakhir panen,Negatif
Jd pgn masak lg tp mengingat harga cabai lg naik bgt gajadi laaaa,Negatif
Iya cabe seuprit aja blm lagi klo harga bumbu naik aduhh bawang segitu jg mana dapet,Negatif
Harga cabai rawit merah di sejumlah pasar tradisional di DKI Jakarta mulai merangkak naik,Positif
Harga cabai rawit merah di sejumlah pasar tradisional di DKI Jakarta mulai merangkak naik,Positif
dah semingguan harga cabe naik makan kaya hambar biasanya sekilo an skrg jadi an cokkkk hadeh,Negatif
Untuk harga cabai jenis kribo yang awalnya Rp ribu per kg kini naik menjadi Rp ribu per kg kata Ismail,Positif
kayaknya kalau udah sukses mau bikin kebon cabai sendiri deh soalnya sedih kalau harga cabai lagi naik seperti sekarang beli apapun itu pasti sambalnya ga pedes atau dikasihnya cuma sedikit segabisa itu makan ga pedes kalau ga pedes semua jadi gaada rasanya di lidah,Negatif
ih iya bnr bgt geprek dkt rumahku enakkk bgt tp karna gamau naik in harga biar ttp laris jd cabe nya yg didikitin kek seuprit gitu,Negatif
Lagi naik yaa bund harga cabe,Positif
Di Pekanbaru Harga Cabe Merah Bukittinggi Hari ini Naik Rp ribu jadi Rp ribu per kilogram,Positif
Main sama petani malam aja bisa naik harga cabe,Negatif
ada yg naik tapi bukan harga cabe oh asam lambung ternyata,Negatif
Mei Ingat temanku kebun cabe merahnya dibakar sendiri gara akan dipanen menunggu harga terus naik Eh tahu malah turun jadi kg Dia marah kpd dirinya sendiri,Negatif
tidak nya harga cabe naik soalnyag,Negatif
Yaallah harga cabe makin naik bae,Negatif
Padahal dirumah sudah planning Tar di pasar beli ini ini dan ini Giliran sampe pasar pas tau harga cabe kg otak langsung blank dasar emakemak Denger harga naik dikit langsung olenggggg,Negatif
Harga Cabai di Ciamis Naik Signifikan Lebih dari Persen,Positif
Bakso yg gapeduli mau harga cabe naik tetep mempertahankan resep sambel cetarnya pun dengan pentol cabenya kok gak lewat sih,Negatif
Internet naik turun kayak harga cabe,Negatif
Harga Cabai Rawit Hijau di Inhil Naik Persen,Positif
Harga cabe rawit hijau dari petani ditempatku sudah diangka Rpkg bahkan diperkirakan akan naik terus sampai menjelang imlek,Positif
Pada musim hujan harga cabai di Pasar Jatimuyo naik Rp,Positif
Makin Pedas Harga Cabai Rawit di Kota Serang Naik Tiga Kali Lipat,Positif
Minggu diam di rumah be sambil bikin cilok Goang yg bikin bibir dower Eh Harga cabe kan naik beli ge kg beras mending beli beras nyauntung gue suka bercocok tanam jadi di depan rumah segala gue tanam deh Cabe Strobery Kurma Mentoa Jeruk Coklat Tomat Bawang dll,Positif
Harga cabe naik harga lnte naik ga,Negatif
Hemat ya can kata ibuku harga cabe lagi naik,Positif
Mamang tukang sayur jahat ga peka sama songpol padahal kan harga cabe naik juga si songpol nekat beli kg Eh tapi saat kasih undangan mamang tukang sayurnya sedih juga karna merasa tidak pantas bersanding dengan songpol padahal dalem hatinya mah lope lope lope ya,Negatif
Tadi pas lagi milih bombai ada ibu random ngajakin aku gosipin harga cabe yg lagi naik Kerasa bat vibes ibu ibu kompleknyaaa hahahaha,Negatif
Buat bertahan hidup Harga cabe sama daging naik,Negatif
Porang om alternatif beras Kenapa harga cabai bawang dll bisa naik turun macam forex ajalah bisa dibuat stabil Gak om Matur Suksme,Negatif
Survei BI Catat Harga Cabai Naik Bikin Inflasi Persen,Positif
Survei BI Catat Harga Cabai Naik Bikin Inflasi Persen,Positif
Harga Cabai Rawit di Pasar Sawahlunto Merangkak Naik,Positif
harga daging sapi ama cabe pada naik gw dagang apaan,Negatif
Yang janjijanji doang Yang doyan pencitraan Bakal korupsi ulang buat nutupi utang Barangbarang makin mahal Harga naik tidak wajar Lebih murah cabecabean Dari pada yang di pasar Suara Milenial,Negatif
Harga Tak Kunjung Naik Petani Kopi Alih Tanam Kol Cabai dan Kentang lewat coid,Positif
Itu appa lg kaget pas amma minta uang belanja di lebihin krna harga cabe naik,Negatif
APAAA HARGA CABE NAIK,Negatif
tiap ada yg ngeluh harga daging naik la harga cabe naek la pokoknya ngeluh minta turunin harga didlm otak yg kepikir peternakpetani apa ngak boleh kaya bergelimang harta mana ada mrk yg ngeluh wktu harga naik ngikut protes jg wktu hargaturun bela peternakpetani,Negatif
Sempat Naik Harga Cabai Setan di Kota Pagaralam Berangsur Normal Kembali,Positif
Harga cabai yang beberapa waktu lalu naik di Pasar Klandasan Kota Balikpapan hingga kini masih bertahan di harga Rp ribu,Positif
Bulan kemarin harga labu Siam anjlok banget sampe berton hasil panen dibuang begitu sajahari ini harga sawi putih rpkg untuk ongkos pekerja aja gak mencukupi Mungkin yang lagi naik harga cabai aja,Positif
purnomo homan djingan saya malah bingung sama orang yang nawar padahal harga udah murah banyak faktor juga misal suatu barang naik yang paling sering diomelin sih kalo beli cabe padahal cabe kan sering mahal karena diserang hama atau gagal panen,Negatif
Pantauan Harga Bahan Pokok Hari Ini Cabai Rawit Naik Melonjak Cabai Merah Kriting Turun,Positif
Harga Cabe Hijau di Pekanbaru Naik Rp ribu Rawit Bertahan Rp ribu per kilogram,Positif
Harga naik makin kecil lg sekarang tempe belum bawang sama cabe lagi pada mahal komoditas nii,Negatif
Sambel jadi kurang pedes karna harga cabai naik,Negatif
Mau saya catatkan belanja saya apa gimana Tiap harga cabe dan kebutuhan lain naik saya ke pasar kaya orang hilang Belum lagi kalo musim skrg sayuran juga ikut naik karena produksi rendah Kalo kebutuhan dapur kaya elpiji gula minyak goreng bumbu habis rb dpt apa,Negatif
Tol BPJS Tahu Tempe Daging Cabe Telur Hargaharga Naik Rakyat Ngelus Dada,Negatif
BPJS naik tempe naik tahu naik cabe naik telur naik daging naik Hargaharga naik rakyat cuma bisa ngelus dada,Negatif
Mungkin ini karena dampak pompom saham bu atau dampak harga cabe rawit yg naik menjulang bisa jadi juga karena harga daging sapi yg ikutan mahal,Negatif
Coba itu yg ngedm dia mending lo ngurusin harga pasaran cabe anjir Naik itu Gue mau bikin sambel males bgt beli cabenya mahal Gimna jempol anda saja sini saya jadiin sambel Lebih pedes gua rasa dari cabe manapun Ntar nama sambelnya Sambel neraka jahanam canda sambel,Negatif
belom tau aja dia kalo bumbu dapur ex Cabebawang udah naik bisa nyaingin harga daging sapi,Negatif
Ingin ku hantam kepalanya Ga pernah belanja ke pasar tapi sok tau emak gua belanja di iritin jadi rb pulang cuma bawa bawang cabe tomat sama tempe doang Terus ntar curhat harga pada naik pusing mau masak apa,Negatif
Harga cabai rawit di pasar tradisional Kabupaten Sumenep kian naik akibat hujan yang terus menerus terjadi belakangan ini Ans,Positif
Dua hari lalu harga cabai rawit naik sempat naik Rp ribu per kilogram Saya jak sampai ndak enak kalau ada pembeli yang tanya harga cabai rawit,Positif
Kayaknya ijk masih sensi karena ayam penyet Bang Jarwo naik harga Terus siang ini beli ayam cabe ijo di Bakmi Golek yang dateng cabe ijo ayam,Positif
harga cabe lagi naik ya bund,Positif
Setiap beli cabe atau bahkan lebih temen said lama bangkeut warung nya kalau yg beli semacam dins apalagi kalau harga cabe naik Ha tolong ada yg lebih dari gess,Negatif
harga cabe emg lagi naik ya kok mie ayam ama bakso yg jualan dkt rumah gw sambelnya dicampur bon cabe,Positif
dan kamu jg kira seandainya harga daun bawang naik tuh kira mencukupi gak Kl harga ayam naik bawang cabe naik tuh bs nutup gak Usaha mau nyari untung jgn sampai kamu buntung,Positif
Harga cabai di beberapa daerah menembus Rp ribu per kilogram kg dan diprediksi masih akan terus naik hingga Februari,Positif
Aku hidup lama di Jogja tapi pertama kali makan ayam geprek di Solo Geprek Kumlot Nasinya ambil sendiri cabenya bisa nembung brapa Kalau pas harga cabe naik jumlah cabe menentukan harga Walau di Solo setidaknya tidak menyalahi kaidah awal ayam geprek Jogja,Positif
Harga sembakocabe cabean bpjs juga naik Smg gaji ikutan naik Aamiin,Positif
Harga cabe naek nah yang latah ikutan naik mie instan,Negatif
Mana harga cabe lagi naik wkek,Negatif
eh bule km tau ga kalau harga cabe disini naik bahkan harga batagor sampai juga ikut naik indonesia udah ribet jangan kau tambah ribetin lagi dengan ulah kau dan bacot kau yg macam singa betina itu ya main main kau ke bali di gigit leak mampus kau,Negatif
Iya tapi juga bingung kok harga bon cabe gak naik,Positif
jantungan tadi abis nyelem selkor harga pc uda kaya harga cabe di pasar naik say,Negatif
Harga cabe naik,Positif
gatau nyaa lagi error biasanya error juga si tapi hari ini lagi melunjak naik kayak harga cabe,Negatif
Ditambah musin ujan bikin hasil panen banyak gagal bikin harga cabe bawang naik juga,Positif
Harga Cabe di Pasar Baturaja Naik jadi Rp Ribu Pembeli Ngirit,Positif
ini dunia per pician keknya lg naik ya harganya ternyata awal tahun ga cuma harga cabe yg naik tp harga pici juga,Negatif
Wah di sana jg lg naik toh harga cabe,Negatif
kayak harga cabe sama bawang gak sihhh naik terus telor juga deh lagi mahal,Negatif
Harga Kedelai Masih Naik Kini Cabai Rawit Di Cirebon Ikut Menjerit,Negatif
Kenapa sih harga cabe harus naik,Negatif
Musim Hujan Petani Gagal Panen Harga Cabai di Pasaran Naik,Positif
FESS Gw aja gatau harga cabe kapan naik kapan turun makan aja udah,Positif
Musim Hujan Petani Gagal Panen Harga Cabai di Pasaran Naik,Positif
Iyah ni semua harga pada naik cabe mahal,Positif
Dah chat dari Pagi Kaga di bles Harga cabe rawit naik tinggi,Negatif
Eh kamu Gimana kabar Makin cakep aja nih Sibuk apa skrg Ooh gimana pandemi gini Kerjaankuliah aman aja kan Btw ini psbb lagi ya Eh harga cabe naik tau Ini aku bikin sambel bawang pke mercon tikus Penasaran kan gimana rasanyaMain kesini Dan akhirnya kalian bertemu,Positif
Harga cabai rawit merangkak naik faktor cuaca dan PPKM penyebabnya via,Positif
Harga cabe naik bawang merah ikut naik gk,Positif
Harga cabe sekarang lagi naik kata emak,Positif
Kedelai naik otomatis harga tahu naik harga kecap naik Daging ayam pun masih tinggi Cabe apalagi Nasib nasib,Negatif
Harga cabe kenapa naik ya akhir ini,Positif
Kebetulan saya yg punya Berani aja kak tapi tidak mengurangi kualitas Walaupun harga cabe naik harga tidak berubah Rasa juga enak Yg paling best seller cumi sama terinya kak Kalau kakak tertarik order aja kak,Positif
Musim Hujan Harga Ikan dan Cabai di Pasar Induk Sangatta Kutim Naik,Positif
Tidak PErnah Mau Belajar Menteri Pertanian Syahrul Yasin Limpo Cabai naik Kedelai naik Telor naik Daging sapi naik Orang Pintar Belajar dari Masa lalu Harga bergejolak pas musim hujan Bukan NATO No Action Talk Only,Negatif
Tak sekarang ni cabai hidup dengan bawang kecik naik harga ka Padia mahai betoi melampau depa ni,Negatif
Gila harga pc juyeon makin hari makin naik aja udah kaya harga cabai rawit makin hari makin naik,Negatif
Sempat Naik Tinggi Harga Cabai Merah di Padang Kini Mulai Merosot,Positif
Cabe lagi mahal emg terus tahu tempe juga karena harga kedelai naik,Positif
berlebihan nih sop tempe naik harga jagung cabe tahu penyedap rasa dah tuh segitu jakbar,Negatif
Kalo kata mama ku itu mahal Ini kalkulasi dari mamaku yg belanja di pasar daerahku Jagung Tempe Cabe Msg Tahu Sayur sup Total itu aja udah termasuk mahal karena disini beberapa bahan ada yg naik harga mah bisa sama ayam sosisbakso,Positif
pasti yg bikin mahal cabe tempe sm tahu wkwk soalnya harga pasar kedelai sm cabe lagi naik naiknya,Negatif
Tempe gasampe sih itu jg harga pas naik kok sama dulu malah cabe msh dpt kalo mau lebih byk beli ke pasar Tp mager ada anak kicik cape hehe,Negatif
Harga Komoditas Pangan Makassar Stabil Bawang Merah dan Cabai Rawit Cenderung Naik,Positif
Selamat Sore Sedulur Se Indonesiapusing harga cabe naik turunknapa gak tanam aja dipekarangan rumahnih buktiny cabe keritingnya suegerr sehat lohkarna PUPUK FK mampu megembalikan tanah menjadi tanah organik yg suburYuk BercabaiCabai,Positif
harga cabe naik kali,Positif
biasa pesen ayam geprek cabe tapi harga cabe naik jadi maks gaada rasanya anj,Negatif
Meski harga cabai naik Kepala Disperindag Kabupaten Malang menyatakan bahwa operasi pasar tidak dilakukan Alasannya operasi pasar hanya dilakukan untuk komoditas gula dan sembako,Positif
Harga Cabai di Jembrana Naik Kebutuhan Lain Stabil,Positif
Ini warung deket kos emang mahal apa harga cabe ma bawang lagi naik si Kaget Beli seuprit doang kena,Negatif
Live Interview bersama Ketua Paguyuban Pasar Grogolan Suharjo mengenai harga cabai merangkak naik,Positif
Perasaan ini naik turunkayak harga cabe,Positif
Paling sedih kalo harga cabe itu naik drastis,Negatif
Setelah selesai ngomongin harga cabe naik sama tempe tahu langka,Negatif
Pupuk dan temanteman semakin mahal giliran harga cabe naik malah mau diturunin gak bisa banget liat petani bahagia jadi petani tu capek tau keluarga saya petani semua kalau harga bahan pangan mau murah stabil turunkan harga pupuk,Negatif
Tadi di pasar Harga cabe naik rawit merah hijau Harga tahu tempe juga ikut naik Ikan teri medan naik Cumi asin naik Udah puter otak biar ga naikin harga jualan tp mau ga mau tetep naik dikit aja kok dak Ga banyak banyak,Negatif
Harga Cabai Melonjak Naik karena Produksi Turun selama Hujan,Positif
HARGA CABE RAWIT GALAK ribu di KOTA SEMARANG HARGA NAIK TERUS MENJELANG NATAL SAMPE SEKARANG,Negatif
Harga Cabai di Pasar ini Melonjak Naik Apa Sebabnya JAKARTA TEROPONGSENAYAN Harga cabai di Pasar Inpres Jelambar Polri Jakarta Barat melonjak naik Cabai rawit merah dari harga Rp sampai Rp menjadi Rpkg cabai ijo dari harga,Positif
Harga Cabai Merah Keriting Turun Cabai Rawit Naik Rp RibuPerkilogram,Positif
UPDATE Harga Sembako di Jambi Harga Cabai Merah Mulai Turun Cabai Rawit Malah Naik via,Positif
Di pasar harga cabai yg tadinya kg naik jd kg,Positif
Pedagang Harga Rawit Naik di Nikmati Saja Kunjungi,Negatif
Menteri Perdagangan Muhammad Lutfi meminta maaf jika harga cabai kian naik,Positif
harga cabe sekarang naik,Positif
dari judulnya kinda ngerasa ini bener sih apalagi subsidi pupuk udah dari jaman pak harto tapi kita sampe sekarang tetep sering harga naik bawang dan cabe paling sering,Positif
semenjak harga cabe naik tiap gw pesen makan yg pedes tapi pas dateng ga ada pedesnya acan,Negatif
Mendag Lutfi Tegaskan Siap Salah soal Harga Cabai Dalam satu tahun harga cabai akan naik maupun turun sekaligus dan bila kondisi itu terjadi yang akan disalahkan adalah menteri perdagangan,Positif
Harga cabai naik karena stok sedikit lantaran musim hujan,Positif
Harga Naik Petani Cabai Gigit Jari lewat id,Positif
Harga Naik Petani Cabai Gigit Jari,Positif
Harga cabe sama bawang naik pak tolongg Itu tukang sayur nimbangnya kayak nimbang emas pak Bener bener pass,Negatif
Harga Cabai Naik Tinggi Mendag Lutfi Minta Maaf,Positif
Harga Cabai Selalu Naik Mendag Minta Maaf ke IbuIbu,Positif
Harga cabai rawit di Kota Makassar di awal tahun ini mengalami kenaikan bahkan naik hingga tiga kali lipat,Positif
kalo cabe naik harga karna paktor alam gk bisa di prediksi kalo cabe naik ataupun turun harganya tergantung dari pasokan yg masuk ke pasar lokal,Positif
inget harga cabe lagi naik,Positif
hero Harga cabe naik yg di rugikan sapa Yg di untungkan sapa,Positif
Harga pangan naik semua Dari ayamtelor ayamcabe Sudah jualan terkena dampak covid Ditimpa bahan baku belanja mahal Sedangkan daya beli menurun Sedih,Positif
Harga Cabai kan Naik Perlu kasihan juga,Positif
Gua gk suka pedes semenjak harga cabe naik jdi makanan gk masak yg pedes,Positif
HARGA NAIK SELANGIT RAKYAT MAKIN TERJEPIT DITENGAH COVID PKS Sesalkan Fluktuasi Kenaikan Harga Cabai dan Daging Sapi,Negatif
Pedesan ceker berapa yak Harga cabe kan naik,Negatif
Resiko dah jadi emak emak mikirin harga bumbu gakan kelar karna naik terus Solusinya cuma satu Mari kita bercocok tanam cabai,Positif
Selain kedelai harga daging sapi dan cabai juga kompak naik Melejitnya harga pangan tersebut tentu menyulitkan masyarakat saat ini,Positif
Harga cabai rawit di Pasar Sentral Remu Kota Sorong Provinsi Papua Barat sepekan ini naik hingga mencapai Rp ribu per kilogram,Positif
hero Harga bawang merah anjlok harga cabai merah meroket Kg harga kedelai naik akibatnya harga tahu juga naik Woi pejabat saya sbg kang ketoprak pusing ini,Negatif
Harga cabe makin naikanak kelahiran keatas bakalan hidup dimana harga harga pada mahal Yuk kerja yuk,Positif
Harga kedelai naik harga cabai pun naik Kegemaran masyarakat Indonesia dgn tahu tempe dan cabai nampaknya butuh merogoh kocek lebih dalam atau menerima kenyataan menikmati menu yg lebih kecil ukuran dan tingkat kepedasan Semoga makan gorengan amp cabai tidak jadi barang mahal,Positif
Cabe sekarang naik harga,Positif
Allahhh gra gra harga cabe naik ni dimasakin mi pedesnya pedes mricaaa,Negatif
idha hrt Jangan saling ribut antara pencitraan atau hasil kerja Sekarang mari kita tangguangi harga kebutihan pokok yang mulai merangkak naikjangan ribut kiri kanan Lihat kebutuhan pokok Lihat harga kedelai Liat harga cabai Mulai naik Rakyat butuh,Negatif
Harga cabe naik jadi rbkg ya Allah kol juga naik jd rbkg kasian ih tukang gorengan sama tukang warteg,Negatif
Taik ah Jualan patriarchy matriarchy apalah itu Harga cabe naik noh,Negatif
Harga Cabai Terus Naik di Pasar Tradisional Samarinda Berita Kaltim,Positif
Harga Cabai Terus Naik di Pasar Tradisional Samarinda,Positif
Harga Cabai Terus Naik di Pasar Tradisional Samarinda,Positif
Sklian makan cabe ma tahu tempe goreng bik mumpung pada naik harga nya biar kece,Negatif
Harga Cabai Rawit di Berbagai Daerah Naik di Sumsel Naik hingga Rp Ribu iNews Siang,Positif
Harga Cabai Domba dan Kol Naik Drastis Pedagang Mengeluh gtgtgt,Positif
Menurut pedagang di kota Sorong saat Natal harga cabai rawit sudah naik hingga Rp ribu Januari kembali naik hingga Rp ribu per kilogram,Positif
Harga daging naik gapapa Tapi kalau tempetahucabai naik harga pusingnya minta ampun Ya misalkan di warteg pun biar murah paling tempe gorengsayurtahu bulat biar murah Apalagi cabai mana tahan masyarakat tanpa cabai,Negatif
Harga cabe dipasaran melonjak naik apa kabar cabe caben masih murah Candaa murah,Negatif
Yo Paksudah biasa bagi yg membidangi dunia Per cabecabeanuntuk naik turunnya harga tersebut,Negatif
Harga cabai rawit di Tanah Bumbu terus melonjak naik Sabtu Januari,Positif
semua harga naik gitu ya ndah terus kalo lagi begini tu ngakalinnya gmn ndah ih pusing bgt pasti deh nanti biar ada pedesnya pake bon cabe aja ndah,Negatif
Musim Penghujan Harga Cabe di Jatim Merangkak Naik,Positif
Harga Cabai di Sorong Naik dari Rp ke Rp,Positif
ID petani juga bisa rugi sewaktu harga cabe turun harga cabe naik dan turun hal yang biasa permintaan naik cabe sedikit di pasaran harga akan naik demikian sebaliknya,Positif
Musim Hujan Harga Cabe di Jatim Merangkak Naik,Positif
Harga Cabai di Kendari Naik Hingga Persen,Positif
Iya nder Mama gua ngedumel mulu harga cabe naik,Negatif
Harga cabai dan daging sapi naik,Positif
Tak Hanya Tempe Harga Cabai dan Daging Sapi Turut Naik Belum selesai persoalan harga tempe dan tahu karena tingginya harga kedelai saat ini masyarakat Indonesia dihadapkan pada dua komoditas yang terus menanjak naik Yakni cabai rawit merah yang,Negatif
Polri Dan ketika harga cabe lagi naik daun gini para pembeli di warung kami malah selalu bilang Massambelnya banyakin ya,Negatif
Aku suka kikil Iya cabe sekarang emang lagi naik harga Tempe tahu juga huhu,Positif
Waduh harga cabai sama jengkol naik fix puasa makan pedes sama semur jengkol dulu,Positif
Harga Cabai dan Daging Sapi Naik Terus Kok Bisa lewat,Negatif
Gaiiisss harga cabai naik melonjak,Positif
Harga Cabai Keriting di Labuan Naik Signifikan Diduga Dampak Banjir,Positif
Harga Cabai Rawit di Sorong Semakin Pedas Naik Drastis di Awal Tahun,Positif
Pasokan Kurang Harga Cabai Rawit Naik Persen di Kota Cimahi,Positif
Gw ngalamin tuh kemarin gw kepasar beli cabe rawit merah asli dah cuma dapet segenggam doang naik biasanya harga segitu cuma goceng,Negatif
Menurut Azis tidak hanya harga cabai saja yang mengalami lonjakan beberapa kebutuhan pokok lain seperti minyak goreng beras hingga tempe dan tahu juga naik,Positif
Harga Cabai dan Tomat Naik Drastis di Musim Hujan Awal Tahun,Positif
Gpp biar yg jual sedih soalnya harga cabai naik wkwkkw Canda ya pakbu yg jual,Negatif
Harga Cabe Rawit di Malang Naik Persen,Positif
sebagai pecinta pedes dan liat harga cabe yg naik menangis mana ada oknum yg ngecat cabe,Negatif
kemaren tuh lg pusing bgt liat harga cabe sama tahu tempe yg naiksoale gue bagian suru belanja mulu sm mamak,Negatif
Harga cabe lagi naik gini cabe deh,Negatif
Harga Cabai dan Daging Sapi Naik Terus Kok Bisa,Negatif
Intensitas Hujan Bikin Petani Kelabakan Harga Cabai di Malang Naik Persen,Positif
Harga cabai sering bikin kaget petanidalam hitungan jam kadang bisa naikturun puluhan ribu,Positif
Para pedagang pun melakukan berbagai cara agar usaha mereka tetap bertahan dan tidak kehilangan konsumen VIDEO Harga Cabai Naik Ini Siasat Para Pelaku Usaha,Positif
Harga Cabai di Grobogan Naik Mencapai Persen Fokus,Positif
rahsunji apalagi harga cabe di pasar ya kan senin harga naik,Positif
Harga cabai rawit di pasar Pontianak naik signifikan,Positif
Harga Cabai di Kota Bandung Naik Persen Disdagin Akibat Cuaca,Positif
da Cabe mahal giiiis Buat yg kyk kita beli Kober pas harga cabe naik ajaa,Negatif
Tahu isi sepuluh naik seribu tempe masih tetap Aku ndak berani nanya harga cabai,Positif
Harga cabe naik lo dek Kamu jgn boros ya kalo belanja Ehehe,Positif
Setiap musim hujan harga cabai memang selalu naik Tetapi Pemerintah seharusnya sudah bisa mengantisipasinya jauhjauh hari,Negatif
Harga cabe naik bawang putih langka,Positif
Setelah harga kedelai mahal kini masyarakat harus dihadapkan dengan harga cabai rawit yang terus merangkak naik,Positif
Harga Cabai di Banjarmasin Rp per Kg Naik Persen Lebih,Positif
Ngoyo mau menang giveaway karena sudah habis dana buat serologi antigent isolasi mandiri dll dll tambah lagi harga cabe naik,Negatif
Jujur sebagai pecinta makanan pedas sedih bener harga cabe makin naik canda cabe,Positif
Mau tidur amp bangun tidur beritanya gak enak oknum aggota dpr senang video bokep BEM UI belain FPI banyak yg kecewa kopad kopid tiada henti hingga kinitokoh tua religius pd cerai kawin lagiharga tempe cabe naik Berita apa ya yg bagusaku ingin dengar,Negatif
Bisnis Harga Cabai Rawit Merah di Pasar Ini Naik Jadi Rp Ribu per Kilo Setelah tempe tahu kini cabailalu apa kabarnya MenTan kita Rakyat sdh susah jgn dibikin tambah susah lagi,Negatif
Strowberi cabe sawi daun bawang biar kl harga cabe naik ttp bisa makan pedes,Negatif
Naik Banyak Harga Cabai di Denpasar Mencapai Rp Per Kilogram,Positif
Harga cabai terus merangkak naik Kondisi ini dimanfaatkan pedagang mengumpulkan cabai kondisi rusak hasil sortiran Meski rusak cabaicabai ini tetap diburu konsumen Simak informasi selengkapnya di Good Morning pagi ini Kamis Januari mulai pukul WIB,Positif
Harga cabai mulai naik ya Allah,Negatif
Harga cabe mahal Harga kedelai juga naik Padahal tempe goreng sama sambel bawang makanan favorit ku,Positif
ayoo harga cabe lagi naik nih setiap beli emak ku pasti isi sesi ceramah dulu,Negatif
Tadi bercandaan sama ibuk lagi sambat soal harga cabe yang lagi naik terus ibukku bilang besok kalo cari suami petani aja biar kalo mau masak tinggal petik tinggal panen nanti nanem sayursayuran gitu,Negatif
udah ngga memang giveaway yibo cipok scene tpi gpp sih santuy jiejie udah nikah sama punya baby harga cabe naik dahlah hidupku kebanyakan dosa emang,Negatif
Lebih panik menghadapi harga cabe yang naik gilagilaaan Masak ceban sekali sambel doanggg,Negatif
Masyaallah harga pc bisa naik kek harga cabe ternyata,Negatif
aku lebih sakit hati denger harga cabe ama daging ayam naik daripada denger kamu yg tiba hilang nyatanya udah jalan sama yg lain,Negatif
Gatau aja kali ya serunya liatin ibu lg julidin harga cabe naik drpd sibuk pamerin barang mewah wkwkkw,Negatif
Kalo harga cabe naik terus Ak mau daftar jadi cabe,Positif
Harga Cabe Naik Setelah Pergantian Tahun Dua Faktor Ini Penyebabnya,Positif
Walah Harga Cabai Rawit Merah di Kota Cimahi Naik hingga Persen,Positif
bejakso Harga naik karna emang banyak yg gagal soal nya musim hujan pohon cabe gampang kena penyakit,Positif
harga cabe lg naik naiknyaa kayanya yg lain juga pada gitu ngasi nya dikit,Positif
Harga Cabai Keriting Naik Tajam Tembus Rp per Kg Menurut Jauya kenaikan harga yang terjadi sejak beberapa hari terakhir tersebut karena agen pemasok dari Pulau Jawa mematok harga tinggi sehingga pedagang terpaksa menyesuaikan harga jual agar,Positif
kok cabe itu licik ya kalo pas harganya naik gini bikin sambel padahal jumlah cabenya sama kayak biasanya katakan biji rasanya gak sepedes kalo nyambel pas cabe gak naik biji cabe pas harga naik sama biji cabe pas harga normal masak pedesnya beda,Negatif
Harga cabai rawit merah meroket di seluruh pasar tradisional di Kota Depok Kenaikan terjadi mulai dari Rp ribu hingga Rp ribu Bahkan di Pasar Agung tembus di angka Rp ribuKg perkilo Iya naik di pedagang Pasar Agung Tadi pagi saya belanja,Positif
Harga Cabe Rawit di Pekanbaru Hari ini Kembali Naik Rp ribu per kilogram,Positif
Alhamdulillah di langganan ane ttp harganya tp ukurannya di perkecil buat ane yg paham kondisinya ga masalah sich mau harga naik ukuran ttp ato harga ttp ukuran di perkecil yg penting ane msh bs makan penyet tahutempe eh tp harga cabe rawitnya,Positif
Ini Pemicu Harga Cabai hingga Bawang Naik di Pasar Tradisional di Makassar,Positif
Petani Banyuwangi diuntungkan ketika harga cabai naik di pasaran Namun kendalanya adalah kondisi cuaca yang tidak menentu yang mengakibatkan hasil produksi cabai milik petani Banyuwangi tidak maksimal,Positif
Pak harga cabe naik trus tahu tempe kemanaaaaa,Negatif
sekitar setahun kemudian atau kurang dari setahun di pasaran panene cabe melonjak harga jatuh petani rugi saat bersamaan harga komoditas lain melonjak kedelai lainnya banyak hasil panen dibuang ketika petani sebagian besar tak lagi menanam cabe harga naik lagi kini,Positif
teringat beberapa tahun lalu harga cabe naik hingga ribu perkilo atau lebih kalang kabut masyarakat semua lapisan Lalu ada beberapa inisiatif agar kita menanam cabe setidaknya tanaman per rumah tangga dan pastunya sejak itu petani pun besarbesaran tanam cabe,Positif
Harga cabai di Kabupaten Polewali Mandar Sulawesi Barat meroket Harga cabai naik dari Rp per kilogram menjadi Rp per kilogram,Positif
Harga cabe merah naik harga saos ABC pedas ikut naik ga,Positif
herianto Mentri persayuran Naik turunya harga cabai kedelai Kong sul sangat paham,Positif
Wes tak alami mas tahun nan jogja karo tahun nan solo Mana ada makan sekeluarga saya istri anak cuman habis sehari itu masak alias jajan Wowkwkekw Po maneh nek msak sayur thok ro ulam ayam rb isoh nggo hari wkwkwkw Tp bkal beda karena harga cabe naik,Positif
Mulai terasa efek cabenya Dasar dapur cabe Harga naik bukannya dikurangin Kan jadi mulesmules,Negatif
Cabai rawit merahkedelai kini jadi barang mahal di Pasar Induk Kajen Harga keduanya bertahan sejak sebulan terakhir bahkan cenderung naik mendekati nataru,Positif
Hari terus berganti harga cabe naik lagi libur makan yg pedas dulu,Positif
Ngeluh harga kebutuhan sayuran cabe dan lain lain naik tapi ga pernah sekalipun ngehargain profesi petani,Positif
Kecewa banget karna semua sambel dan makanan yang namanya berakhiran mercon setan iblis bledek ndower jadi gak pedes saat harga cabai naik,Negatif
Harga cabai dan kedelai naik,Positif
Sekarang ngerasain sendiri ya efek dari harga cabe naik info terkini tempe tahu untuk saat ini susah dulu mah mana tau yang kayak ginigini,Positif
Yaps bener kak sama aja pas harga cabe naik semua nanam cabe Panennya jadi barengan supplynya naik demandnya tetap ya harganya turun wkwk,Positif
sedih harga bawang sama cabe naik,Positif
Harga cabecabean naik juga,Negatif
Oh pantes semalem pesen penyetan gk pedes harga cabe lagi naik bgt ternyata,Negatif
Harga Cabai di Pasar Kuala Kapuas Merangkak Naik,Positif
Biasanya yg menjadi isu harga naik itu daging cabe tapi sekarang tempe jadi ikutikutan naik dan susah juga nyarinya Lagi kondisi sulit gini pas sekali nemu tempe jadi excited,Positif
Kalau kampung saya pas petani cabe atau lombok harga lagi melambung gini dan rejekinya lagi panen langsung daftar naik haji sekeluarga dan dibayar lunas walaupun harus antri lama atau beli mobil,Positif
Berita harga cabe yang naik sampe masuk TV ini kayanya endemic di Indonesia aja yes,Negatif
Harga Cabai Rawit Naik Hingga Kg Selengkapnya Klik Link,Positif
giliran harga cabai naik kebingungan buat nurunin harga secepatnya Lah kemarin pas harga kg kebijakan kalian dimana Pupuk subsidi tidak ada pestisida mahal,Negatif
Jika harga naik seharusnya petani cabe bs sejahtera,Positif
Cabe mahal Tahu tempe naik harga Fix Tempe geprek meroket,Negatif
Harga cabe naik bund,Positif
Hal yang bikin sedih adalah sekarang harga cabe naik,Negatif
Ini kenapa harga bawang prei tempe tahu cabe naik semuaaa,Negatif
Harga ayam dan telor mulai turun harga sayuran dan cabe menggila Tempe naik Krn harga kedelai naik cenah,Positif
Mas ABDI Bangorejo menyampaikan harga cabai rawit terus naik Pagi ini harga cabai rawit Rp ribu di Pasar Pedotan Bangorejo Nit,Positif
Cabe naik harga nya Pusing Aku kudu jual berapa,Negatif
harga cabai dan sekutunya naik listrik kok wowpadahal sudah kurangi aktivitas pemakaian ngritik kalau kebablasan bisa masuk delik walah wakonde wakonde nestapa sekali yg korupsi kok bisa pesan masa hukuman yg garis lurus eh dihajar terus,Negatif
Cuman mau bilang buibu Harga cabai rawit di pasar sudah mencapai kkg Lima ribu dapatnya udah seencrit lagi Bunda Ini tahun udah nggak bisa bersyukur gwe awalannya semua udah pada naik mulai dari sembako sampai UANG KOS Padahal gaji gwe ngga naik th terakhir,Negatif
Pas tadi emak larang gw buat makan yg gak terlalu pedes gw kira takut gw sakit Ternyata krn harga cabe naik per kg,Positif
Saking sibuknya dengan berita gisel kalian lupa kalau harga cabe lagi naik,Positif
rakyat menangis melihat ini disaat harga cabe lagi naik,Negatif
apalan wae eta harga cabe lagi naik,Negatif
Harga cabe naik ya bund sekarangudah berasa kek ibu rumah tangga selama pandemi ini,Positif
Harga cabe rawit yang naik drastisss sangat berpengaruh untuk orang pecinta pedes kayak gue yang harus stok cabe buanyakk,Positif
Mayankyk harga cabe merah aja naik nya meroket,Positif
khoz Tdk hanya tahu dan tempe Bu cabe rawit naik gilaan dari harga rb sekarang sdh rb Terung dari harga rb sekarang sdh rb Pusing keliling Bu aku yang punya usaha Penyetan dg harga seperti ini,Positif
Sudah Minggu Harga Cabai Naik Persen di Pasar Besar Kota Batu,Positif
Sah kagak bisa jualan smua naik Cabe ayam tahu tempe Harga mau dinaikin atau porsi dikurangi Pelanggan auto minggat,Negatif
Gw utk konsumsi pribadi sih jarang bgt pake cabe msh ada bon cabe dll buat nyari pedes Cuma kan tdi denger ibu ama yg jualan pada ngeluh harga cabe naik,Positif
Pasca Tahun Baru sejumlah harga komoditas Cabai merah dan Jengkol di Pasar Tradisional Loji Kecamatan Tegalwaru Karawang naik hingga persen Baca Berita Selengkapnya di,Positif
Habis cabe minggu lalu tahutempe nyaris langka Kabarnya harga kedelai naik kosong di pasar Kita sangat tergantung kedelai Amrik Kenapa Kedelai impor lebih besar lebih enak lebih murah dr kedelai lokal Kalau AS stop mengekspor kedelai tiada lg tahu tempe kecap,Positif
udah tau harga cabe naik malah makin kepengen makanin yg pedespedes,Negatif
Apakah Harga Cabai yg Naikakan mempengaruhi Konsumsi Anda Terhadap Sambal WA interaktif,Positif
Sudah bau semakin melonjak naik harga cabe semoga segera tertangani,Positif
harga cabe naik juga,Positif
Harga cabe ayam telur naik yaudah rapopo Tapi klo harga tempe naik tuh patah hatiiiii makanan favorittt,Negatif
Panen berkurang membuat harga cabai naik,Positif
Musim penghujan om harga cabe agak naik,Positif
Harga cabe naik terus,Negatif
harga cabe naik pembeli pada mengeluh lah emak gua apalagi yang jualan muter modalnya gimana wkwkwkw,Negatif
MentanSyahrul Yasin Limpo Stok dan Harga Aman dan Terkendali Harga Janda Bolong juta Harga Kedelai Harga Cabai Rawit Harga Telur Ayam Harga Daging Ayam Harga Daging Sapi Harga Bawang Harga Beras Cek harga di Pasar Rutin Bukan pas naik baru SIUMAN,Positif
Harga kebutuhan pokok per hari ini di Malang Cabai besar rbkg Cabai kecil rbkg Cabai keriting rbkg Sayuran naik lipat dr harga normal Tempe yang biasa sekotak skr menjadi saja Tahu naik dari menjadi Petani gagal panen Ekonomi demi rakyat,Positif
yok ngecostplay jadi cabecabean Hari senin pula nih bund harga naik wkwkwk,Negatif
Lapor komandan pertanian dapet kabar dari pasar harga tauge naik kali lipat dari harga normal menjadi rb rupiahkg harga cabai rb rupiahkg laporan selesai,Positif
Betul ditambah lagi ekonomi rakyat lagi down banyak yg di PHK tapi harga kebutuhan pangan malah naik tajam skrg ini Gula jawa yg tadinya rupiah sekarang naik jd rupiah cabe skrg kilo dipasar pk ini bagaimana solusinya Dampaknya ke rakyat bawah seperti sy,Positif
pak harga pokok naik tolong di stabilkanpak Cabe Kg rbu bawang putih bawan merah sayuran Kol dan timun semuaya naik pak di saat pandemi semua naik pusing pak umkm,Positif
Oh iyaya sejak nikah ya Duh aku gatau lagi Kik Tapi aku belum mendengar soal harga tempe naik taunya cabe Mau ku kirimin tempe dari sini ta Wkwkw,Positif
Harga tempe naik tadi di penjual sayur tinggal dikiiit banget tempe daun padahal biasanya sebaskom penuh Telur juga naik bun induknya apalagi Cabe juga Duh padahal besok pengen bikin tempe penyet,Negatif
liat berita harga cabe naik tadi pagi dikasih tau kalo tempe juga naik bahkan tukang nasi uduk aja sampe ga ngasih orek tuh,Negatif
Pedagang pasar di Kabupaten Banyumas menemukan cabai dicat merah Pelaku mengaku tergiur harga cabai yang sedang naik dan mengecatnya menggunakan cat semprot via,Negatif
Harga cabe sudah mahal sekarang ditambah berita yang katanya harga tempe tahu bakal naik Karena kedelai naik Balada emak auto sedih melihat semua ini,Negatif
Bisa ajah yadimasa pandemi daya beli menuruntpi harga cabe dan kedelai naik tajamorg pd kena PHKBPJS naik,Negatif
Pedagang pasar di Kabupaten Banyumas menemukan cabai dicat merah Pelaku mengaku tergiur harga cabai yang sedang naik dan mengecatnya menggunakan cat semprot,Positif
Sedih ya tahu tempe langka cabe harga naik sampe ada yg dipilox dong,Negatif
Tahun baru ga selamanya seru dan jadi menyenangkan buktinya harga bahan masakan jadi naik cabe merah aja bujug dah naiknya Seperapat biasanya beli rb sekarang jadi rb,Negatif
Apa kabar ayam geprek Harga cabe naik nambah cabe bayar lebih,Negatif
Di tempat kalian harga cabai udah tembus brp guis Alhamdulillah dari awal cabai naik selalu kebagian harga kkilo sampe sekarang dom jaksel aku,Positif
Iya Harga cabe juga naik di tukang sayur Tahun lalu bisa beli cuma rb tahun ini minimal harga beli di rb,Negatif
Selamat pagi Indonesia Kebutuhan pokok mulai merangkak naik harga cabe sudah gila segila cabenya Tempe dan tahu mulai langka karena harga dasar kedelai naik rakyat banyak yg teriak,Positif
Harga tempe naik telur naik cabe naik Ngga bisa apa Polri bikin maklumat stabilkan harga,Negatif
Mmm gatau ya karna apa Tapi emang tiap lebaran sm tahun baru byk harga bahan pokok naik Ini cabe yg biasanya kkg jd kkg ckckk sampe ada kasus cabe dicat kayu biar merah,Negatif
Ternyata awal dikejoetkan dengan naiknya harga bahan pokok Dari cabe ayam sayuran bahkan tahu tempe pun lagi naik daun Hebat mah,Negatif
Dulu waktu harga cabe merah amp rawit merah kkg harga jual di petani cabe CUMA Kkg Mudahan pas skrg harga lg melambung tinggi Kkg di Pasar BaruBekasi harga jual di petani juga naik,Negatif
Harga cabe naik emak meradang,Positif
mungkin dia mikirnya klo harga cabe naik harga pc juga ikutan naik kak,Negatif
Katanya harga cabe naik Tapi kok dari kemaren omongam orang pedes semua yaa Heran,Negatif
Tribun Jogja Disperindag DI Yogyakarta Sebut Harga Bahan Pokok Stabil Kecuali Cabai Harga Naik Signifikan,Positif
Disperindag DI Yogyakarta Sebut Harga Bahan Pokok Stabil Kecuali Cabai Harga Naik Signifikan,Positif
Meski harga cabai mulai naik di tingkat konsumen petani belum bisa menutup kerugian akibat penurunan harga cukup dalam selama pandemi COVID,Positif
Jago banget bikin harapan palsu ya Isu yang kayak gini udah cukup menyebabkan harga bawang cabe tomat dkk naik signifikan duh,Negatif
Di Jabodetabek Harga Tempetahu Naik Di Pekanbaru Harga Cabe Merah Menggila,Positif
Harga cabai tadinya ribu sekilo skrng naik rb sekilo hadehh,Negatif
Ini apaan sih cabe rawit aja dipilok jadi merah supaya harga jualnya naik,Negatif
Di hari pertama harga cabai dan bawang terpantau naik signifikan,Positif
FESS Eh kemarenan papaku jual cabe rawit ke bandar sekilo dapet rb masaa Apa kemarenan belum naik ya harga cabe nya,Negatif
harga cabe naik anjrot,Negatif
